Sender Name,Sender Email,Recipient Name,Recipient Email,Flower 1,Flower 2,Flower 3,Opt In,Submit Day,Submit Date

asdas,asda@aasd.com,sasd,adas@sasdasd.com,lavender,jasmine,gardenia,Tue, 24 Jan 2017 09:08:06 +0000
Jonny,jonny@kotacreative.co.uk,Jonny,jonny@kotacreative.co.uk,rose,gardenia,lilley-valley,Tue, 24 Jan 2017 09:09:10 +0000
Ll,ll@ll,Hh,hh@hh,orange-blossom,rose,white-iris,Tue, 24 Jan 2017 10:44:46 +0000
Erin,ehomer@penhaligons.com,Ed,djbantaar@yahoo.co.uk,blue-bell,gardenia,white-iris,Tue, 24 Jan 2017 12:15:34 +0000
Jon,jon_gordon07@hotmail.com,Jon,jgordon@perfumers1870.com,blue-bell,gardenia,jasmine,Tue, 24 Jan 2017 12:35:55 +0000
Jon,jon@any.com,JG,jon_gordon07@hotmail.com,jasmine,lavender,lilley-valley,Tue, 24 Jan 2017 12:43:44 +0000
Erin,ehomer@penhaligons.com,Erin,ehomer@penhaligons.com,blue-bell,gardenia,white-iris,Tue, 24 Jan 2017 13:21:16 +0000
435345,345345@ert,werwer,voewrihweorh@ju,orange-blossom,lavender,rose,Tue, 24 Jan 2017 13:33:00 +0000
j,j@j.com,f,f@c.com,white-iris,rose,lavender,Tue, 24 Jan 2017 13:55:37 +0000
Ldld,,Nisbcinadcc,dkf@e,blue-bell,jasmine,lavender,Tue, 24 Jan 2017 13:59:14 +0000
ff,ff@com,g,gg@gg,lavender,jasmine,gardenia,Tue, 24 Jan 2017 14:34:24 +0000
fff,chrisfuller25@hotmail.co.uk,Chris,chrisfuller25@hotmail.co.uk,white-iris,lilley-valley,orange-blossom,Tue, 24 Jan 2017 14:48:10 +0000
Ftujb,Chrisfuller25@hotmail.co.uk,Chrisfuller25@hotmail.co.uk ,Chrisfuller25@hotmail.co.uk,rose,white-iris,orange-blossom,Tue, 24 Jan 2017 14:51:11 +0000
dcvdccv,ehomer@penhaligons.com,fdv,ehomer@penhaligons.com,blue-bell,gardenia,orange-blossom,Tue, 24 Jan 2017 15:10:47 +0000
jonny,jonny.harte@kotacreative.co.uk,jonny,jonny.harte@kotacreative.co.uk,lavender,jasmine,gardenia,false,Tue, 24 Jan 2017 16:41:26 +0000
asdsa,adasd@sf.com,asdas,sadas@asd.com,bluebell,orange-blossom,jasmine,true,Tue, 24 Jan 2017 18:06:23 +0000
kk,kk@kk,hhhh,hh24mmm@jj,white-iris,rose,bluebell,true,Wed, 25 Jan 2017 10:23:03 +0000
Jon,jg@jg.com,J G,jgordon@perfumers1870.com,liley-valley,bluebell,gardenia,false,Wed, 25 Jan 2017 13:21:50 +0000
gdgdfg,sdfsd@dsfd.com,fgfdg,dgdfgd@aasds.com,jasmine,liley-valley,rose,true,Wed, 25 Jan 2017 15:06:24 +0000
apollo,apollo.ekudo@rocketnetwork.co.uk,Apollo,apollo.ekudo@rocketnetwork.co.uk,gardenia,lavender,rose,false,Wed, 25 Jan 2017 16:27:13 +0000
jon,jj@j.com,JG,jgordon@perfumers1870.com,white-iris,rose,orange-blossom,false,Wed, 25 Jan 2017 17:23:52 +0000
ghj,,yukiyuiyuriyuiiyuiyu,uiyui@er,bluebell,lavender,liley-valley,false,Wed, 25 Jan 2017 17:47:47 +0000
Ana,crateee@me.com,Js,Juliana.s@live.co.uk,lavender,rose,gardenia,true,Wed, 25 Jan 2017 22:14:06 +0000
Jon,jon_gordon07@hotmail.com,Jon G,jon_gordon07@hotmail.com,bluebell,gardenia,jasmine,false,Wed, 25 Jan 2017 22:31:00 +0000
j,j@j.com,j,jon_gordon07@hotmail.com,white-iris,rose,orange-blossom,false,Wed, 25 Jan 2017 22:39:18 +0000
dddd,chrisfuller25@hotmail.co.uk,ff,chrisfuller25@hotmail.co.uk,lavender,jasmine,gardenia,false,Thu, 26 Jan 2017 09:21:48 +0000
Huuuu,Chrisfuller25@hotmail.co.uk,Ccc,Chrisfuller25@hotmail.co.uk,orange-blossom,rose,white-iris,false,Thu, 26 Jan 2017 09:35:32 +0000
Chris,chrisfuller25@hotmail.co.uk,xxx,chrisfuller25@hotmail.co.uk,bluebell,white-iris,gardenia,false,Thu, 26 Jan 2017 09:41:57 +0000
fgddfgh,,gery,,liley-valley,white-iris,rose,false,Thu, 26 Jan 2017 09:46:55 +0000
jon,jgordon@perfumers1870.com,jon G,jgordon@perfumers1870.com,white-iris,rose,orange-blossom,false,Thu, 26 Jan 2017 10:10:21 +0000
Natalie,ndodoo@perfumers1870.com,Natalie,bn.dodoo@hotmail.co.uk,lily-valley,jasmine,orange-blossom,true,Thu, 26 Jan 2017 10:57:44 +0000
apollo,apollo.ekudo@rocketnetwork.co.uk,apollo,apollo.ekudo@rocketnetwork.co.uk,jasmine,rose,lavender,false,Thu, 26 Jan 2017 11:03:05 +0000
jonny test,jonny.harte@kotacreative.co.uk,Jonny Harte,jonny.harte@kotacreative.co.uk,white-iris,rose,jasmine,false,Thu, 26 Jan 2017 12:10:10 +0000
JG,jon_gordon07@hotmail.com,Jon,jgordon@perfumers1870.com,lily-valley,orange-blossom,rose,false,Thu, 26 Jan 2017 13:32:22 +0000
JG,jon_gordon07@hotmail.com,JG,jon_gordon07@hotmail.com,lavender,jasmine,gardenia,false,Thu, 26 Jan 2017 13:35:04 +0000
Jonny,jonny@kotacreative.co.uk,Jonny,jonny@kotacreative.co.uk,lavender,gardenia,rose,true,Thu, 26 Jan 2017 13:40:25 +0000
jon,jon_gordon07@hotmail.com,Jon,jon_gordon07@hotmail.com,white-iris,lavender,gardenia,false,Thu, 26 Jan 2017 13:41:21 +0000
Hello,hello@kotacreative.co.uk,Hello,hello@kotacreative.co.uk,lavender,rose,white-iris,true,Thu, 26 Jan 2017 13:42:18 +0000
JG,jon_gordon07@hotmail.com,JG,jon_gordon07@hotmail.com,rose,orange-blossom,lily-valley,true,Thu, 26 Jan 2017 13:56:10 +0000
jon,jgordon@perfumers1870.com,jon,jgordon@perfumers1870.com,white-iris,rose,jasmine,false,Thu, 26 Jan 2017 13:58:07 +0000
jonny2,jonny@kotacreative.co.uk,jonny,jonny.harte@kotacreative.co.uk,white-iris,rose,jasmine,false,Thu, 26 Jan 2017 15:31:30 +0000
jhkvb,hjklbhv@mhgcv,hkjv,ghjv@kljb,rose,jasmine,lavender,false,Thu, 26 Jan 2017 16:44:41 +0000
jon,jgordon@perfumers1870.com,j,jgordon@perfumers1870.com,white-iris,rose,orange-blossom,false,Thu, 26 Jan 2017 17:39:04 +0000
Erin Homer,erindothomer@gmail.com,Eddie Crabtree,djbantaar@yahoo.co.uk,lavender,jasmine,gardenia,true,Thu, 26 Jan 2017 19:29:53 +0000
Patty,pattyharte@hotmail.com,Patty Harte,pattyharte@hotmail.com,rose,gardenia,lily-valley,true,Thu, 26 Jan 2017 20:18:16 +0000
Nina jermin,ninajermin11@hotmail.com,Pedro tavares,pedro@pedrotavares.com,jasmine,lavender,orange-blossom,false,Fri, 27 Jan 2017 08:04:50 +0000
Pedro,pedro@pedrotavares.com,Cristian,crom8625@hotmail.com,bluebell,lily-valley,white-iris,false,Fri, 27 Jan 2017 08:33:04 +0000
jason piper,james@kotacreative.co.uk,james piper,jamespiper1980@gmail.com,jasmine,lavender,gardenia,true,Fri, 27 Jan 2017 09:51:53 +0000
Comptoir,comptoir@kotacreative.co.uk,Comtoir,comptoir@kotacreative.co.uk,bluebell,jasmine,white-iris,true,Fri, 27 Jan 2017 09:54:35 +0000
asdasdassad,asdasdasdasd@asdasdasd.com,asasdadas,asdasdas@asdasd.com,white-iris,bluebell,lavender,true,Fri, 27 Jan 2017 09:59:07 +0000
asdasd,asdasdas@ssfsdf.com,dasda,asdada@asdasd.com,gardenia,jasmine,rose,true,Fri, 27 Jan 2017 10:00:15 +0000
Erin Homer,ehomer@penhaligons.com,Lea Sauer,,rose,bluebell,lily-valley,true,Fri, 27 Jan 2017 10:07:54 +0000
JG,jgordon@perfumers1870.com,jon gordon,jon_gordon07@hotmail.com,white-iris,rose,orange-blossom,false,Fri, 27 Jan 2017 11:01:23 +0000
